<?xml version="1.0" encoding="UTF-8" standalone="yes"?>
<addon id="plugin.video.lazyf1" version="2019.0.2" name="[COLOR=FFFFFFFF]Lazy[/COLOR] [COLOR=FFFF0000]F1[/COLOR]" provider-name="-=Vd=-">
  <requires>
    <import addon="xbmc.python" version="2.1.0"/>
    <import addon="script.module.lazyf1.images" optional="false"/>
    <import addon="plugin.video.yatp" optional="true"/>
    <import addon="script.module.torrent2http" optional="false"/>
    <import addon="script.module.torrent.ts" optional="true"/>
    <import addon="script.module.torrserver" optional="false"/>
    <import addon="script.module.beautifulsoup4" version="4.3.0"/>
    <import addon="script.module.requests" optional="false"/>
    <import addon="script.module.simpleplugin"/>
    <import addon="script.module.pyxbmct" version="1.1.4"/>
    <import addon="script.module.vsdbg"/>

  </requires>
  <extension point="xbmc.python.pluginsource" library="main.py">
    <provides>video</provides>
  </extension>
  <extension point="xbmc.addon.metadata">
    <platform>all</platform>
    <summary lang="en">Best for watch Formula 1 Championship (Russian content)</summary>
    <summary lang="ru">Formula 1 для удобного просмотра</summary>
    <description lang="en">Best for watch Formula 1 Championship (Russian content)</description>
    <description lang="ru">Formula 1 для удобного просмотра</description>
    <assets>
      <icon>icon.png</icon>
      <fanart>fanart.jpg</fanart>
      <screenshot>resources/screenshot-01.jpg</screenshot>
      <screenshot>resources/screenshot-02.jpg</screenshot>
      <screenshot>resources/screenshot-03.jpg</screenshot>
      <screenshot>resources/screenshot-04.jpg</screenshot>
      <screenshot>resources/screenshot-05.jpg</screenshot>
    </assets>
  </extension>
</addon>
