
<dir>
    <title>twitch test 2</title>
    <twitch>t/12348467</twitch>
    <summary></summary>
    <thumbnail>https://bnetcmsus-a.akamaihd.net/cms/page_media/WSFQZ1R6LCJ31512777247534.png</thumbnail>
</dir>


<it>
  <title>ryujehong</title>
  <link>
  <twitch>t/128035304</twitch>
  <sublink>plugin://plugin.video.twitch/?use_player=True&channel_id=128035304&amp;mode=channel_videos (Twitch VOD)</sublink>
  <sublink>plugin://plugin.video.youtube/channel/UCtt0Hg9MhraTkzWwNQpplHg/ (YouTube) </sublink>
  </link>
<thumbnail>https://bnetcmsus-a.akamaihd.net/cms/page_media/MLOCP54UWOTI1512770128331.png</thumbnail>
</item>



<plugin>
  <title>iddqd </title>
  <link>plugin://script.module.python.twitch/https://clips.twitch.tv/HilariousHungryChimpanzeeHumbleLife</link>
<thumbnail>https://bnetcmsus-a.akamaihd.net/cms/page_media/WSFQZ1R6LCJ31512777247534.png</thumbnail>

</plugin>


<dir>
<title>wow</title>
<link>https://raw.githubusercontent.com/PiDiaries/wow/master/wow.xml</link>
<thumbnail></thumbnail>
</dir>


<dir>
<title>Competitive Overwatch Subreddit</title>
<link>https://raw.githubusercontent.com/PiDiaries/wow/master/Overwatchleague/owc.xml</link>
<thumbnail></thumbnail>
</dir>


<dir>
<title>Overwatch University Subreddit</title>
<link>https://raw.githubusercontent.com/PiDiaries/wow/master/Overwatchleague/owu.xml</link>
<thumbnail></thumbnail>
</dir>


<dir>
<title>[B][COLORwhite]COMING SOON!![/COLOR][/B]</title>
<link>//</link>
<thumbnail></thumbnail>
</dir>


<dir>
    <title>Overwatch</title>
    <overwatch>r/Overwatch</overwatch>
    <summary>Subreddit for all things Overwatch™, the team-based shooter from Blizzard Entertainment.</summary>
    <thumbnail>https://styles.redditmedia.com/t5_2u5kl/styles/communityIcon_6ygax782f5201.png</thumbnail>
</dir>

<dir>
    <title>OverwatchUniversity</title>
    <overwatch>r/OverwatchUniversity</overwatch>
    <summary>r/OverwatchUniversity is a community dedicated to helping players improve and learn by providing a place where they can share and discuss strategies or ideas, ask questions, post guides and more!</summary>
    <thumbnail>https://styles.redditmedia.com/t5_3ejpe/styles/communityIcon_055i85levcv01.png</thumbnail>
</dir>


<dir>
    <title>Competitiveoverwatch</title>
    <overwatch>r/Competitiveoverwatch</overwatch>
    <summary>A place for in-depth discussions of Competitive Overwatch™ (the team-based shooter from Blizzard Entertainment). Find detailed discussion of meta, esports and events as well as guides, advice, and tips that go beyond the basics.</summary>
    <thumbnail></thumbnail>
</dir>

<dir>
    <title>OverwatchLeague</title>
    <overwatch>r/OverwatchLeague</overwatch>
    <summary>Overwatch League is a Professional esports league operated by Activision Blizzard. Join us to gather news, discuss matches, and everything else about the Overwatch League!</summary>
    <thumbnail>https://styles.redditmedia.com/t5_34k05/styles/communityIcon_arza1htp13211.png</thumbnail>
</dir>

<dir>
    <title>OverwatchCustomGames</title>
    <overwatch>r/OverwatchCustomGames</overwatch>
    <summary>Design and discover new ways to play Overwatch with the Custom Games feature. Enjoy unlimited varieties and possibilities.</summary>
    <thumbnail>https://a.thumbs.redditmedia.com/DAlI-IHilbbc0XHydzuqgQMsMtfWWkBIipUaN6fbzn4.png</thumbnail>
</dir>

<dir>
    <title>Overwatch_Memes</title>
    <overwatch>r/Overwatch_Memes</overwatch>
    <summary>**Dank Overwatch Memes** Overwatch™ is a team-based shooter where heroes do battle in a world of conflict. Overwatch features a vibrant roster of heroes and diverse objective-based maps. Post any Overwatch memes here or view them out of absolute boredom..</summary>
    <thumbnail>https://styles.redditmedia.com/t5_3el0q/styles/communityIcon_h4skw32pphs21.jpg</thumbnail>
</dir>


<dir>
    <title>OWConsole</title>
    <overwatch>r/OWConsole</overwatch>
    <summary>For the discussion of all things that relate to the console version of Overwatch</summary>
    <thumbnail>https://a.thumbs.redditmedia.com/QLH8_NIO3ELWsYazOhBlV0Ow1FWI5ZyImJstJlrKqk0.png</thumbnail>
</dir>
