If not using gifs you can remove <animated_thumbnail></animated_thumbnail> and <animated_fanart></animated_fanart>

Main Directory 

<dir>
<title></title>
<link></link>
<animated_thumbnail></animated_thumbnail>
<thumbnail></thumbnail>
<animated_fanart></animated_fanart>
<fanart></fanart>
</dir>

Trakt - This is one example. Most can be found in the trakt.py

<dir>
<title>Trending TV Shows</title>
<trakt>https://api.trakt.tv/shows/trending</trakt>
</dir>

TMDB - This is one example. Most can be found in the tmdb.py
<dir>
<title>Popular TV Shows</title>
<tmdb>tv/popular</tmdb>
</dir>

Youtube

Single Link

<item>
<title></title>
<link>**youtube link**</link>
<thumbnail></thumbnail>
</item>

Playlist

<plugin>
<title></title>
<link>plugin://plugin.video.youtube/playlist/**PLAYLIST NUMBER**/</link>
<thumbnail></thumbnail>
</plugin>

Channel

<plugin>
<title></title>
<link>plugin://plugin.video.youtube/channel/**CHANNEL NUMBER**/playlists/</link>
<thumbnail></thumbnail>
</plugin>

Other

Reddit

<plugin>
<title>Reddit Soccer Streams</title>
<link>plugin://plugin.video.reddit_viewer/?mode=listSubReddit&amp;type=soccerstreams&amp;url=https%3a%2f%2fwww.reddit.com%2fr%2fsoccerstreams%2f.json%3f%26limit%3d50</link>
<thumbnail></thumbnail>
<fanart></fanart>
<content></content>
</plugin>

F4M

<plugin>
<title></title>
<link>plugin://plugin.video.f4mTester/?streamtype=TSDOWNLOADER&amp;url=Add Your Link Here</link>
<thumbnail></thumbnail>
<fanart></fanart>
<summary></summary>
</plugin>

Plexus

<plugin>
<title></title>
<link>
<sublink>plugin://program.plexus/?mode=1&url=acestream://623687ccc7bf028bd61694053f54119425fab9c0(Acestream-Stream Name goes here)</sublink>
<animated_thumbnail></animated_thumbnail>
<thumbnail></thumbnail>
<fanart></fanart>
</plugin>

Old School Formats

Movies

<item>
<title></title>
<meta>
<content>movie</content>
<imdb></imdb>
<title></title>
<year></year>
</meta>
<link>
<sublink>search</sublink>
<sublink>searchsd</sublink>
</link>
<animated_thumbnail></animated_thumbnail>
<thumbnail></thumbnail>
<animated_fanart></animated_fanart>
<fanart></fanart>
</item>

TV Shows

TV Directory

<dir>
<title></title>
<meta>
  <content>tvshow</content>
  <imdb></imdb>
  <tvdb></tvdb>
  <tvshowtitle></tvshowtitle>
  <year></year>
</meta>
<link></link>
<animated_thumbnail></animated_thumbnail>
<thumbnail></thumbnail>
<animated_fanart></animated_fanart>
<fanart></fanart>
</dir>

TV Seasons

<dir>
<title></title>
<meta>
  <content>season</content>
  <imdb></imdb>
  <tvdb></tvdb>
  <tvshowtitle></tvshowtitle>
  <year></year>
  <season></season>
</meta>
<link></link>
<animated_thumbnail></animated_thumbnail>
<thumbnail></thumbnail>
<animated_fanart></animated_fanart>
<fanart></fanart>
</dir>

TV Episodes

<item>
<title></title>
<meta>
  <content>episode</content>
  <imdb></imdb>
  <tvdb></tvdb>
  <tvshowtitle></tvshowtitle>
  <year></year>
  <title></title>
  <premiered></premiered>
  <season></season>
  <episode></episode>
</meta>
<link>
  <sublink>search</sublink>
  <sublink>searchsd</sublink>
</link>
<animated_thumbnail></animated_thumbnail>
<thumbnail></thumbnail>
<animated_fanart></animated_fanart>
<fanart></fanart>
</item>