<?xml version="1.0" encoding="UTF-8" standalone="yes"?>
<addon id="plugin.video.20ap" name="20ap" version="18.5.02" provider-name="Enzo">
  <requires>
      <import addon="xbmc.python" version="2.19.0" />
     <import addon="script.module.universalscrapers" version="0.5.5" />
      <import addon="script.module.python.koding.aio" version="0.9.6.6" />
      <import addon="script.module.beautifulsoup" version="3.2.1" />
      <import addon="script.module.requests" version="2.9.1" />
      <import addon="script.module.addon.common" version="2.0.0" />
      <import addon="script.module.xmltodict" version="0.9.0" />
      <!--<import addon="script.module.web-pdb" version="1.0"/>-->
      <import addon="script.module.urlresolver" version="1.2.0" />
      <import addon="plugin.video.reddit_viewer" version="3.5.0"  />
    <!--  <import addon="repository.noobsandnerds" version="2.3.2" />-->
      <import addon="repository.supremacy" version="1.5" />
      <import addon="repository.jsergio" />
      <import addon="plugin.video.SportsDevil" version="2017.11.01"  />
      <import addon="plugin.video.motorreplays" version="2.8" />
      <import addon="plugin.video.youtube" version="5.4.5x" />
      <import addon="program.plexus" />

  </requires>
  <extension point="xbmc.python.pluginsource" library="default.py">
      <provides>audio video</provides>
  </extension>
  <extension point="xbmc.service" library="service.py" start="[login|startup]" />
  <extension point="xbmc.addon.metadata">
    <summary lang="en">Our Own Add-On</summary>
    <summary lang="he"></summary>
    <description lang="en">Our Own Add-On</description>
    <description lang="he"></description>
    <disclaimer lang="en">The author of this addon do not host any of the content which is found and have no affiliation with any of the content providers. This addon simply searches websites for content. Use at your own risk!</disclaimer>
    <disclaimer lang="he">מחבר ההרחבה זה אינו מארח את התוכן שיתכן ויימצא ואין לו זיקה לאף אחד מספקי התוכן. הרחבה רק מחפשת תוכן שקיים באתרי אינטרנט. השימוש בהרחבה הוא על אחריותך בלבד!</disclaimer>
    <platform>all</platform>
      <website>www.noobsandnerds.com</website>
      <video_guide>xtOqLY5PJDY</video_guide>
  </extension>
</addon>
