<?xml version="1.0" encoding="UTF-8" standalone="yes"?>
<addon id="script.module.tulip" name="Tulip Routine Libraries" version="2.2.6" provider-name="Twilight0">
    <requires>
        <import addon="xbmc.python" version="2.24.0"/>
        <import addon="script.module.kodi-six" version="0.0.2"/>
    </requires>
    <extension point="xbmc.python.module" library="lib" />
    <extension point="xbmc.addon.metadata">
        <summary lang="en">Tulip Helper libraries</summary>
        <description lang="en">Tulip Routine Libraries combines the best elements from Lambda's "lamlib" and tknorris's shared modules. Also includes various enhancements, newer and improved functions and Python 3 compatibility, though the latter is largely untested.</description>
        <platform>all</platform>
        <license>GNU GENERAL PUBLIC LICENSE. Version 3, 29 June 2007</license>
        <source>https://github.com/Twilight0/script.module.tulip</source>
        <news>
[B]2.2.X[/B]
- Reincluded url_dispatcher module for addons that may use it in the future
- New reload skin function
- Log exception on client function upon failure
- xbmc.Playlist is now callable via lambda function. Mode 1 for video (default), Mode 0 for audio
- Add function in directory module now accepts streaminfo data (as dictionary)
- Add function can also form a playlist instead of directory only
- Add function can show background progress when loading items
- Added StringIO in compat module
- Plugin url optimization with join string method on directory module
- m3u_maker renamed to playlist_maker
- Added tvg-logo parameter into playlist_maker

[B]2.1.X[/B]
- Utilize kodi-six to further improve Python 2/3 compatibility
- Added "builtin" function into directory module, which can execute various builtin commands with arguments
- Added various supplementary fuctions into control module
- Added argv parameter to directory module's function to work with Leia's new python caching (requires testing)
- Tweaked open settings window &amp; set focus methods
- Various other tweaks</news>
    </extension>
</addon>
