<dir>
  <title>B&W Movies</title>
  <bnw>movies</bnw>
</dir>

<dir>
  <title>50's</title>
  <imdburl>https://www.imdb.com/search/title?title_type=feature&release_date=1950-01-01,1959-12-31&user_rating=5.0,10.0</imdburl>
  <thumbnail></thumbnail>
</dir>
<dir>
  <title>60's</title>
  <imdburl>https://www.imdb.com/search/title?title_type=feature&release_date=1960-01-01,1969-12-31&user_rating=5.0,10.0'</imdburl>
  <thumbnail></thumbnail>
</dir>

<dir>
  <title>70's</title>
  <imdburl>https://www.imdb.com/search/title?title_type=feature&release_date=1970-01-01,1979-12-31&user_rating=5.0,10.0'</imdburl>
  <thumbnail></thumbnail>
</dir>

<dir>
  <title>80's</title>
  <imdburl>https://www.imdb.com/search/title?title_type=feature&release_date=1980-01-01,1989-12-31&user_rating=5.0,10.0'</imdburl>
  <thumbnail></thumbnail>
</dir>

<dir>
  <title>90's</title>
  <imdburl>https://www.imdb.com/search/title?title_type=feature&release_date=1990-01-01,1999-12-31&user_rating=5.0,10.0'</imdburl>
  <thumbnail></thumbnail>
</dir>

<dir>
  <title>00's</title>
  <imdburl>https://www.imdb.com/search/title?title_type=feature&release_date=2000-01-01,2010-12-31&user_rating=5.0'</imdburl>
  <thumbnail></thumbnail>
</dir>


<dir>
   <title>John Wayne Movies</title>
   <imdburl>list/ls000487182/</imdburl>
</dir>


<dir>
  <title>TMDB Movie List</title>
  <tmdb>list/107609</tmdb>
  <thumbnail>https://www.themoviedb.org/static_cache/v4/logos/293x302-powered-by-square-green-3ee4814bb59d8260d51efdd7c124383540fc04ca27d23eaea3a8c87bfa0f388d.png</thumbnail>
</dir>


<dir>
  <title>Search the TMDB</title>
  <tmdb>search</tmdb>
  <thumbnail>https://www.themoviedb.org/static_cache/v4/logos/293x302-powered-by-square-green-3ee4814bb59d8260d51efdd7c124383540fc04ca27d23eaea3a8c87bfa0f388d.png</thumbnail>
</dir>