
<dir>
  <title>Cartoons</title>
  <wctoon>category/cartoon-list</wctoon>
</dir>

<dir>
  <title>Animated Movies</title>
  <wctoon>category/movie-list</wctoon>
</dir>


<dir>
  <title>Search Site</title>
  <wctoon>wcsearch</wctoon>
</dir>


<dir>
  <title>[I][B][COLORsnow]--==[COLORyellow]Cartoon Series[/COLOR]==--[/COLOR][/B][/I]</title>
  <meta>
    <summary>One Click Play section of cartoon tv series</summary>
  </meta>
  <B98>serieslist/videos_categories/series</B98>
</dir>

<dir>
  <title>[I][B][COLORsnow]--==[COLORyellow]Cartoon Studios[/COLOR]==--[/COLOR][/B][/I]</title>
  <meta>
    <summary>One Click Play section of cartoon tv series based on the animation studio that produced them</summary>
  </meta>
  <B98>serieslist/videos_categories/studios</B98>
</dir>


<dir>
  <title>Shelby's TV Shows</title>
  <tmdb>list/99282</tmdb>
  <thumbnail>https://shelby.000webhostapp.com/images/tv.png</thumbnail>
  <fanart></fanart>
</dir>

<dir>
  <title>Shelby's Movies</title>
  <tmdb>list/99284</tmdb>
  <thumbnail>https://shelby.000webhostapp.com/images/movie.png</thumbnail>
  <fanart></fanart>
</dir>

<dir>
	<title>DC Extended Universe</title>
      <trakt>https://api.trakt.tv/users/tetharion/lists/worlds-of-dc/items</trakt>
	<thumbnail>https://vignette.wikia.nocookie.net/wwcbm/images/b/bc/Dc_cinematic_universe-logo.png</thumbnail>
	<fanart>http://res.cloudinary.com/culturemap-com/image/upload/q_auto/ar_4:3,c_fill,g_faces:center,w_1200/v1510845927/photos/265138_original.jpg</fanart>
  <summary>The DC Extended Universe (DCEU) is an unofficial term used to refer to an American media franchise and shared universe that is centered on a series of superhero films, distributed by Warner Bros. Pictures and based on characters that appear in American comic books by DC Comics. The shared universe, much like the original DC Universe in comic books and the television programs, was established by crossing over common plot elements, settings, cast, and characters. The films have been in production since 2011 and in that time Warner Bros. has distributed five films. The series has grossed over $3.7 billion at the global box office, currently making it the fourteenth highest-grossing film franchise.
  </summary>
	<content>set</content>
</dir>
 <dir>
    <title>DC Comics</title>
    <dccomics>all</dccomics>
    </dir>
<dir>
	<title>Harry Potter Collection</title>
	<link>https://raw.githubusercontent.com/Johnstonevo/20ap/master/base/20AP/movies/hp.xml</link>
	<thumbnail>https://image.tmdb.org/t/p/original/8Xmkc1HvCOpMlbFvVabrtr6HAsp.jpg</thumbnail>
	<fanart>https://image.tmdb.org/t/p/original/hWK8gTH2riuv65Ej43hPSeE16Mu.jpg</fanart>
	<content>set</content>
	<summary>The Harry Potter films are a fantasy series based on the series of seven Harry Potter novels by British writer J. K. Rowling.
	</summary>
</dir>


<dir>
	<title>Marvel Collection</title>
      <trakt>https://api.trakt.tv/users/donxy/lists/marvel-cinematic-universe/items</trakt>
	<thumbnail>https://image.tmdb.org/t/p/original/aC3VJyuNpymHAf9pyQqB20EK4v6.jpg</thumbnail>
	<fanart>https://image.tmdb.org/t/p/original/zuW6fOiusv4X9nnW3paHGfXcSll.jpg</fanart>
	<content>set</content>
	<summary>The Marvel Cinematic Universe (MCU) is an American media franchise and shared universe that is centered on a series of superhero films, independently produced by Marvel Studios and based on characters that appear in American comic books published by Marvel Comics. The franchise has expanded to include comic books, short films, television series, and digital series. The shared universe, much like the original Marvel Universe in comic books, was established by crossing over common plot elements, tings, cast, and characters. Phil Coulson, portrayed by Clark Gregg, is an original character to the MCU and the only character to appear across all the different media of the MCU.
	</summary>
</dir>


<dir>
	<title>Star Wars Collection</title>
	<link>https://raw.githubusercontent.com/Johnstonevo/20ap/master/base/20AP/movies/sw.xml</link>
	<thumbnail>https://image.tmdb.org/t/p/original/ghd5zOQnDaDW1mxO7R5fXXpZMu.jpg</thumbnail>
	<fanart>https://image.tmdb.org/t/p/original/d8duYyyC9J5T825Hg7grmaabfxQ.jpg</fanart>
	<summary>An epic space opera theatrical film series that depicts the adventures of various characters "a long time ago in a galaxy far, far away".<summary>
		<content>set</content>
	</dir>

<dir>
  <title>[I][B][COLORsnow]--==[COLORorange]Movies[/COLOR]==--[/COLOR][/B][/I]</title>
  <link>https://raw.githubusercontent.com/Johnstonevo/shelby/master/base/shelby/kids/kidsmovies.xml</link>
  <thumbnail>https://shelby.000webhostapp.com/images/movie.png</thumbnail>
  <fanart></fanart>
</dir>

<dir>
  <title>[I][B][COLORsnow]--==[COLORorange]TV[/COLOR]==--[/COLOR][/B][/I]</title>
  <tmdb>list/47132</tmdb>
  <thumbnail>https://shelby.000webhostapp.com/images/tv.png</thumbnail>
  <fanart></fanart>
</dir>


<dir>
  <title>Youtube</title>
  <link>https://raw.githubusercontent.com/Johnstonevo/shelby/master/base/shelby/yt/shelby.xml</link>
  <thumbnail>http://simpleicon.com/wp-content/uploads/youtube_1.png</thumbnail>
  <fanart>http://digitalmediawire.com/wp-content/uploads/2017/02/YouTube-.jpg</fanart>
  <Summary>All the Youtube Channels</summary>
</dir>

<plugin>
  <title>Apply the Addon's Youtube API Keys to Kodi</title>
  <ytapi>titleforyouapigoeshere/AIzaSyDyN1nmUY_MlXGZFsJdsu6_pBcK8hU6b-s/275432727141-n6pmjmsmtaru4f7ve7rvemt79nvcjr74.apps.googleusercontent.com
/nR9MZi91EH_4Lb4Zjsq9NWrW</ytapi>
</plugin>