<?xml version="1.0" encoding="UTF-8" standalone="yes"?>
<addon id="plugin.video.youtube" name="YouTube" version="6.2.1" provider-name="bromix">
    <requires>
        <import addon="xbmc.python" version="2.20.0"/>
        <import addon="script.module.six" version="1.11.0"/>
        <import addon="script.module.requests" version="2.12.4"/>
        <import addon="script.module.inputstreamhelper" version="0.2.2" optional="true"/>
    </requires>
    <extension point="xbmc.python.pluginsource" library="resources/lib/default.py">
        <provides>video</provides>
    </extension>
    <extension point="xbmc.service" library="resources/lib/startup.py" start="login"/>
    <extension point="xbmc.python.module" library="resources/lib/"/>
    <extension point="xbmc.addon.metadata">
        <news>
6.2.1
[fix] some streams reporting as Unavailable
[fix] utf-8 file paths
[fix] settings, and switch user causing perpetual busy dialog on Kodi 18
[lang] sk_sk strings |contrib: jose1711|

6.2.0
[add] Context menu -&gt; &#39;Play with subtitles&#39; |contrib: solarus|
[add] Option to download subtitles before playback in Settings -&gt; General -&gt; Configure subtitles
[add] Refresh context menu to all videos/live streams
[add] &amp;strm=true parameter for strm files in Kodi 18 |contrib: vlmaksime|
    - use description from library and set watched status
[add] &#39;Settings -&gt; Advanced -&gt; Use YouTube website urls&#39; for external/alternative players
            eg. Player: MPC-BE, URL: https://www.youtube.com/watch?v=C0NyvxTJGcQ
[fix] Reported background progress dialog percentage
[fix] Playlist items, use video_items instead of playback_items
[fix] search history size
[fix] remove Spanish (Latin America)|es-419 from the setup wizard, causing invalidLanguage and invalidRelevanceLanguage errors
[upd] Improve speed of playback starting and resolver
            before: min: 1.5s max: 2.6s median: 1.7s
            after:  min: 0.9s max: 2.6s median: 1.2s
[chg] refactor logging and system version
[chg] Localize confirmation
[lang] el_gr strings |contrib: twilight0|
[lang] es_es strings |contrib: roliverosc|
[lang] es_mx strings |contrib: Intel11|
[lang] it_it strings |contrib: SebastianoPistore|
[lang] nl_nl strings |contrib: Markman-B|
[lang] ru_ru strings |contrib: vlmaksime|
        </news>
        <assets>
            <icon>icon.png</icon>
            <fanart>fanart.jpg</fanart>
        </assets>
        <summary lang="en_GB">Plugin for YouTube</summary>
        <description lang="en_GB">YouTube is one of the biggest video-sharing websites of the world.</description>
        <disclaimer lang="en_GB">This plugin is not endorsed by Google</disclaimer>
        <summary lang="he_IL">תוסף עבור YouTube</summary>
        <description lang="he_IL">YouTube הוא אחד מאתרי שיתוף הווידאו הגדולים בעולם.</description>
        <summary lang="de_DE">Plugin für YouTube</summary>
        <description lang="de_DE">YouTube ist eines der größten Video-Sharing-Websites der Welt.</description>
        <summary lang="pl_PL">Wtyczka YouTube</summary>
        <description lang="pl_PL">YouTube jest jednym z największych na świecie serwisów udostępniania wideo.</description>
        <summary lang="hu_HU">YouTube kiegészítő</summary>
        <description lang="hu_HU">A YouTube világ egyik legnagyobb videómegosztó weboldala.</description>
        <summary lang="es_ES">Plugin para YouTube</summary>
        <description lang="es_ES">YouTube es uno de los sitios web para compartir videos más grande del mundo.</description>
        <disclaimer lang="es_ES">Este add-on no está respaldado por Google</disclaimer>
        <summary lang="es_MX">Plugin para YouTube</summary>
        <description lang="es_MX">YouTube es uno de los más grandes sitios web de intercambio de videos del mundo.</description>
        <disclaimer lang="es_MX">Este add-on no está respaldado por Google</disclaimer>
        <summary lang="ru_RU">Видеодополнение YouTube</summary>
        <description lang="ru_RU">YouTube - популярнейший видеохостинговый сайт, предоставляющий пользователям услуги хранения, доставки и показа видео.</description>
        <summary lang="fr_FR">Plugin pour YouTube</summary>
        <description lang="fr_FR">YouTube est l'un des plus grands sites de partage vidéos du monde.</description>
        <summary lang="zh_CN">YouTube附加元件</summary>
        <description lang="zh_CN">「Youtube」是全世界最大的影片分享網站</description>
        <summary lang="zh_TW">YouTube附加元件</summary>
        <description lang="zh_TW">「Youtube」是全世界最大的影片分享網站</description>
        <disclaimer lang="zh_TW">此附加元件未由Google支持</disclaimer>
        <summary lang="bg_BG">Добавка за YouTube</summary>
        <description lang="bg_BG">YouTube е един от най-големите уеб сайтове за споделяне на видео в целия свят.</description>
        <summary lang="el_GR">Πρόσθετο YouTube</summary>
        <description lang="el_GR">Το YouTube είναι μία από τις μεγαλύτερες ιστοσελίδες διαμοιρασμού βίντεο στον κόσμο.</description>
        <disclaimer lang="el_GR">Η παρούσα μικροεφαρμογή δεν έχει υϊοθετηθεί από την Google</disclaimer>
        <summary lang="nb_NO">Tillegg for YouTube</summary>
        <description lang="nb_NO">YouTube er en av verdens største nettsider for videodeling.</description>
        <language></language>
        <platform>all</platform>
        <license>GNU GENERAL PUBLIC LICENSE. Version 2, June 1991</license>
        <forum>https://forum.kodi.tv/showthread.php?tid=325740</forum>
        <website>https://www.youtube.com</website>
        <email>ytplugin at datanet dot ws</email>
        <source>https://github.com/jdf76/plugin.video.youtube</source>
        <reuselanguageinvoker>true</reuselanguageinvoker>
    </extension>
</addon>
