<?xml version="1.0" encoding="UTF-8" standalone="yes"?>
<addon id="repository.illuminati" name="[COLORmaroon]Illu[COLORslategray]min[COLORdarkblue]ati[/COLOR]" version="1.2.1" provider-name="Illuminati Temple">
        <requires>
            <import addon="xbmc.addon" version="12.0.0"/>
        </requires>
	<extension point="xbmc.addon.repository" name="Illuminati">
		<dir>
			<info compressed="false">https://raw.githubusercontent.com/totalrevolution/python-koding/master/zips/addons.xml</info>
			<checksum>https://raw.githubusercontent.com/totalrevolution/python-koding/master/zips/addons.xml.md5</checksum>
			<datadir zip="true">https://raw.githubusercontent.com/totalrevolution/python-koding/master/zips/</datadir>
		</dir>
		<dir>
		    <info compressed="false">http://theunjudged.xyz/Repo/addons.xml</info>
		    <checksum>http://theunjudged.xyz/Repo/addons.xml.md5</checksum>
		    <datadir zip="true">http://theunjudged.xyz/Repo/</datadir>
		</dir>
		<dir>
			<info compressed="false">https://raw.githubusercontent.com/teamuniversal/scrapers/master/_modules4all/zips/addons.xml</info>
			<checksum>https://raw.githubusercontent.com/teamuniversal/scrapers/master/_modules4all/zips/addons.xml.md5</checksum>
			<datadir zip="true">https://raw.githubusercontent.com/teamuniversal/scrapers/master/_modules4all/zips/</datadir>
		</dir>      	
	</extension>
	<extension point="xbmc.addon.metadata">
		<summary lang="en">Home of 3rd party addons</summary>
		<description lang="en">The developers do not own any content found within these addons. They are in no way affiliated with Kodi or XBMC.</description>
            <platform>all</platform>
	</extension>
</addon>