<?xml version="1.0" encoding="UTF-8" standalone="yes"?>
<addon id="plugin.video.watchnixtoons2" name="WatchNixtoons2" version="0.4.9" provider-name="doko">
    <requires>
        <import addon="xbmc.python" version="2.25.0"/>
        <import addon="script.module.requests"/>
    </requires>
    <extension point="xbmc.python.pluginsource" library="Default.py">
        <provides>video</provides>
    </extension>
    <extension point="xbmc.addon.metadata">
        <news>
[COLOR orange][B]WatchNixtoons2[/B][/COLOR] - Cartoons &amp; Anime
[B]0.4.9:[/B]
- Fixed the warning for blocked videos.

[B]0.4.8:[/B]
- Fixed a typo in the addons.xml file (thanks @SerpentDrago!)

[B]0.4.7:[/B]
- Autoplay setting reinstated.
- Added an option to show letter thumbnails on the catalog sections. Only useful if you're on a custom Kodi skin.
- Added a warning whenever a video is blocked from excess traffic.

[B]0.4.6:[/B]
- Add-on re-enabled. Their site is back to letting free users watch videos.
- To avoid overwhelming their servers on these COVID-19 quarantine times, the "autoplay highest quality" add-on setting was removed. So when you play a video, you'll always be asked what quality to use.

[B]0.4.5:[/B]
- Temporary disabling of the add-on. If the source site ever comes back, we can enable it again.

[B]0.4.4:[/B]
- Added an "About" button to the Trakt tab of the add-on settings, explaining how to use it.

[B]0.4.3:[/B]
- Fixed the series and episode search.

[B]0.4.2:[/B]
- Added a [B]Tools[/B] category to the settings. Each tool brings up a confirmation dialog
explaining how they work, so you can read before using.
- Tools added: Restore Watched Episodes, Update Favourites.
- Minor fix to movie titles.

[B]0.4.1:[/B]
- Changed to a WatchCartoonOnline domain that's updated more frequently.
- Fix for letters in episode numbers (when using the "Clean Episode Titles" option).
        </news>
        <description lang="en">
Watch cartoons and anime from [COLOR orange][B]www.TheWatchCartoonOnline.tv[/B][/COLOR].

Support the WatchCartoonOnline website with a PayPal donation to:
[COLOR khaki][B]wcohelp@yandex.com[/B][/COLOR]

Add-on by doko.
        </description>
        <platform lang="en">all</platform>
        <disclaimer lang="en">The authors of this addon do not host any of the content found or have any affiliation with the content providers. This add-on only scrapes web pages.</disclaimer>
    </extension>
</addon>