
<dir>
    <title>B&W Movies</title>
    <bnw>movies</bnw>
</dir>


  <dir>
    <title>The Duke Movie List</title>
    <duke>all</duke>
	<thumbnail>https://pbs.twimg.com/profile_images/1004442158248554497/k4iRjaEN_400x400.jpg</thumbnail>
	<fanart>http://www.fullhdwpp.com/wp-content/uploads/John-Wayne-quote_www.fullhdwpp.com_.jpg</fanart>
    </dir>
   

   
<dir>
  <title>TMDB Movie List</title>
  <tmdb>list/107609</tmdb>
  <thumbnail>https://www.themoviedb.org/static_cache/v4/logos/293x302-powered-by-square-green-3ee4814bb59d8260d51efdd7c124383540fc04ca27d23eaea3a8c87bfa0f388d.png</thumbnail>
</dir>


<dir>
  <title>Search the TMDB</title>
  <tmdb>search</tmdb>
  <thumbnail>https://www.themoviedb.org/static_cache/v4/logos/293x302-powered-by-square-green-3ee4814bb59d8260d51efdd7c124383540fc04ca27d23eaea3a8c87bfa0f388d.png</thumbnail>
</dir>