<?xml version="1.0" encoding="UTF-8" standalone="yes"?>
<addon id="plugin.video.ctoonkodi" name="CTOON Kodi" version="0.3.10" provider-name="doko, Tikipeter">
  <requires>
    <import addon="xbmc.python" version="2.1.0"/>
    <import addon="script.module.requests" />
  </requires>
  <extension point="xbmc.python.pluginsource" library="Main.py">
    <provides>video</provides>
  </extension>
  <extension point="xbmc.addon.metadata">
    <summary lang="en"></summary>
    <description lang="en">[COLOR mediumpurple][B]CTOON Kodi[/B][/COLOR][CR][CR]A simple addon for streaming cartoon episodes from the [B]ctoon.party[/B] website.[CR][CR]Help keep CTOON alive, donate to the host: [COLOR khaki][B]ko-fi.com/A637AV5[/B][/COLOR]</description>
    <news>[COLOR mediumpurple][B]CTOON Kodi[/B][/COLOR] - Cartoons[CR][CR][B]0.3.10:[/B][CR]- Added support for episodes thumbnail and subtitles.[CR]- Adapt to API changes.[CR][CR][B]0.3.9:[/B][CR]- Added settings (autoplay, clear cache)[CR]- Added disk and memory caching.[CR][CR][B]0.3.0:[/B][CR]- Added support for the CTOON web API.</news>
    <disclaimer lang="en"></disclaimer>
    <platform>all</platform>
  </extension>
</addon>