<?xml version="1.0" encoding="UTF-8" standalone="yes"?>
<addon id="repository.20ap" name="20ap" version="18.09.11" provider-name="Enzo">
	<extension point="xbmc.addon.repository" name="20ap">
	        <dir>
            <info compressed="false">https://raw.githubusercontent.com/jenaddon/repository.jenrepo/master/zips/addons.xml</info>
            <checksum>https://raw.githubusercontent.com/jenaddon/repository.jenrepo/master/zips/addons.xml.md5</checksum>
            <datadir zip="true">https://raw.githubusercontent.com/jenaddon/repository.jenrepo/master/zips/</datadir>
            <hashes>false</hashes>
        </dir>
		<dir>
			<info compressed="false">https://raw.githubusercontent.com/nixgates/Incursion/master/addons.xml</info>
			<checksum>https://raw.githubusercontent.com/nixgates/Incursion/master/addons.xml.md5</checksum>
			<datadir zip="true">https://raw.githubusercontent.com/nixgates/Incursion/master/repo</datadir>
		</dir>
		<dir>
			<info compressed="false">https://raw.githubusercontent.com/PiDiaries/repository.mpd/master/zips/addons.xml</info>
			<checksum>https://raw.githubusercontent.com/PiDiaries/repository.mpd/master/zips/addons.xml.md5</checksum>
			<datadir zip="true">https://raw.githubusercontent.com/PiDiaries/repository.mpd/master/zips/</datadir>
		</dir>

		<dir>
		    <info compressed="false">http://theunjudged.xyz/Repo/addons.xml</info>
		    <checksum>http://theunjudged.xyz/Repo/addons.xml.md5</checksum>
		    <datadir zip="true">http://theunjudged.xyz/Repo/</datadir>
		</dir>
		<dir>
			<info compressed="false">https://raw.githubusercontent.com/teverz/teverz/master/_repo/addons.xml</info>
			<checksum>https://raw.githubusercontent.com/teverz/teverz/master/_repo/addons.xml.md5</checksum>
			<datadir zip="true">https://raw.githubusercontent.com/teverz/teverz/master/_repo/</datadir>
		</dir>

		<dir>
			<info compressed="false">https://raw.github.com/ddurdle/repository.ddurdle/master/addons.xml</info>
			<checksum>https://raw.github.com/ddurdle/repository.ddurdle/master/addons.xml.md5</checksum>
			<datadir zip="true">http://dmdsoftware.net/repository.ddurdle/</datadir>
		</dir>
		<dir>
			<info compressed="false">https://raw.githubusercontent.com/jsergio123/zips/master/addons.xml</info>
			<checksum>https://raw.githubusercontent.com/jsergio123/zips/master/addons.xml.md5</checksum>
			<datadir zip="true">https://raw.githubusercontent.com/jsergio123/zips/master/</datadir>
		</dir>
		<dir>
			<info compressed="false">http://Rockodi.com/addons.xml</info>
			<checksum>http://Rockodi.com/addons.xml.md5</checksum>
			<datadir zip="true">http://Rockodi.com/</datadir>
		</dir>
		<dir>
			<info compressed="false">http://supremacy.org.uk/zip/plugin/addon.xml</info>
			<checksum>http://supremacy.org.uk/zip/plugin/addons.xml.md5</checksum>
			<datadir zip="true">http://supremacy.org.uk/zip/plugin/</datadir>
		</dir>
		<dir>
			<info compressed="false">https://bitbucket.org/griffin303/griffin/raw/master/zips/addons.xml</info>
			<checksum>https://bitbucket.org/griffin303/griffin/raw/master/zips/addons.xml.md5</checksum>
			<datadir zip="true">https://bitbucket.org/griffin303/griffin/raw/master/zips/</datadir>
			<hashes>false</hashes>
		</dir>
		<dir>
			<info compressed="false">https://raw.githubusercontent.com/teamuniversal/scrapers/master/_modules4all/zips/addons.xml</info>
			<checksum>https://raw.githubusercontent.com/teamuniversal/scrapers/master/_modules4all/zips/addons.xml.md5</checksum>
			<datadir zip="true">https://raw.githubusercontent.com/teamuniversal/scrapers/master/_modules4all/zips/</datadir>
		</dir>
		<dir>
			<info compressed="false">https://addoncloud.org/ukturk/install/repo/addons.xml</info>
			<checksum>https://addoncloud.org/ukturk/install/repo/addons.xml.md5</checksum>
			<datadir zip="true">https://addoncloud.org/ukturk/install/repo/</datadir>
		</dir>
		<dir>
			<info compressed="false">https://raw.githubusercontent.com/jdf76/repository/master/addons.xml</info>
			<checksum>https://raw.githubusercontent.com/jdf76/repository/master/addons.xml.md5</checksum>
			<datadir zip="true">https://raw.githubusercontent.com/jdf76/repository/master/zips</datadir>
		</dir>
			<info compressed="false">https://raw.githubusercontent.com/Johnstonevo/20ap/master/zips/addons.xml</info>
			<checksum>https://raw.githubusercontent.com/Johnstonevo/20ap/master/zips/addons.xml.md5</checksum>
			<datadir zip="true">https://raw.githubusercontent.com/Johnstonevo/20ap/master/zips/</datadir>
	</extension>
	<extension point="xbmc.addon.metadata">
		<summary lang="en">Our Own Repo</summary>
		<description lang="en">Repo for our own stuff</description>
		<genre>comedy,documentary,movies,music,sports,uk</genre>
		<platform>all</platform>
	</extension>
</addon>
