<?xml version="1.0" encoding="UTF-8" standalone="yes"?>
<addon id="plugin.video.watchnixtoons2" name="WatchNixtoons2" version="0.2.5" provider-name="doko">
    <requires>
        <import addon="xbmc.python" version="2.20.0"/>
        <import addon="script.module.requests"/>
    </requires>
    <extension point="xbmc.python.pluginsource" library="Default.py">
        <provides>video</provides>
    </extension>
    <extension point="xbmc.addon.metadata">
        <news>
[COLOR orange][B]WatchNixtoons2[/B][/COLOR] - Cartoons &amp; Anime
[B]0.2.5:[/B]
- Added backup host method.
- Added dialog for rare multi-chapter episodes.
- Added special order and thumbs to Latest Releases area (see Settings).

[B]0.2.4:[/B]
- Update to website changes (media playing).

[B]0.2.3:[/B]
- Bug fixes.
- Improved the [I]Show Information[/I] context-menu.
        </news>
        <description lang="en">
Watch cartoons and anime from [COLOR lavender][B]WatchCartoonOnline.io[/B][/COLOR].

Support the WatchCartoonOnline website with a PayPal donation to:
[COLOR khaki][B]wcohelp@yandex.com[/B][/COLOR]

Add-on by doko.
        </description>
        <platform lang="en">all</platform>
        <disclaimer lang="en">The authors of this addon do not host any of the content found or have any affiliation with the content providers. This add-on only scrapes web pages.</disclaimer>
    </extension>
</addon>